{
  "project_info": {
    "project_number": "533353743977",
    "firebase_url": "https://cookingapp-x.firebaseio.com",
    "project_id": "cookingapp-x",
    "storage_bucket": "cookingapp-x.appspot.com"
  },
  "client": [
    {
      "client_info": {
        "mobilesdk_app_id": "1:533353743977:android:03174a1a22b3dc7e",
        "android_client_info": {
          "package_name": "com.example.cookingapp"
        }
      },
      "oauth_client": [
        {
          "client_id": "533353743977-bof4bfeg2jdg7f4drtu438h2vtphgqgp.apps.googleusercontent.com",
          "client_type": 3
        }
      ],
      "api_key": [
        {
          "current_key": "AIzaSyBLQMIGapIf6PhedO3jvTRTyZh2CGCKeAA"
        }
      ],
      "services": {
        "appinvite_service": {
          "other_platform_oauth_client": [
            {
              "client_id": "533353743977-bof4bfeg2jdg7f4drtu438h2vtphgqgp.apps.googleusercontent.com",
              "client_type": 3
            }
          ]
        }
      }
    },
    {
      "client_info": {
        "mobilesdk_app_id": "1:533353743977:android:d54e5d0df9ddc52e",
        "android_client_info": {
          "package_name": "com.moxel.cookingapp"
        }
      },
      "oauth_client": [
        {
          "client_id": "533353743977-bof4bfeg2jdg7f4drtu438h2vtphgqgp.apps.googleusercontent.com",
          "client_type": 3
        }
      ],
      "api_key": [
        {
          "current_key": "AIzaSyBLQMIGapIf6PhedO3jvTRTyZh2CGCKeAA"
        }
      ],
      "services": {
        "appinvite_service": {
          "other_platform_oauth_client": [
            {
              "client_id": "533353743977-bof4bfeg2jdg7f4drtu438h2vtphgqgp.apps.googleusercontent.com",
              "client_type": 3
            }
          ]
        }
      }
    }
  ],
  "configuration_version": "1"
}